Time,SiteIndex,SiteClassCode,SelectionCoefficient
2378,914118,0,0.000000E+00
3191,492603,0,0.000000E+00
3477,175191,0,0.000000E+00
5205,709408,0,0.000000E+00
5977,271270,2,7.742052E-03
6244,262369,0,0.000000E+00
7069,951344,2,1.921932E-03
9199,414998,2,1.740406E-02
9787,745334,0,0.000000E+00
