Time,SiteIndex,SiteClassCode,SelectionCoefficient
203,973269,0,0.000000E+00
677,652894,0,0.000000E+00
992,350817,0,0.000000E+00
993,324366,2,7.394781E-03
